,Coiffe Ranshi,,Chapeau,Niv. 200
,Anneau Cryochrone,,Anneau,Niv. 200
,Anneau du Cycloïde,,Anneau,Niv. 200
,Amulette du Strigide,,Amulette,Niv. 200
,Ceinture du Strigide,,Ceinture,Niv. 200
,Bottes du Nocturlabe,,Bottes,Niv. 200
,Cape Lati,,Cape,Niv. 200
,Cape Ovri,,Cape,Niv. 200
,Bottes Hyum,,Bottes,Niv. 200
,Couronne Shushuveraine,,Chapeau,Niv. 200
,Tongues du Shushuverain,,Bottes,Niv. 200
,Collier des Abîmes,,Amulette,Niv. 200
,Cape des Justiciers,,Cape,Niv. 200
,Casque Psychokinèse,,Chapeau,Niv. 200
,Bouclier Viscéral,,Bouclier,Niv. 200
,Bottes des égarés,,Bottes,Niv. 200
,Anneauraeus,,Anneau,Niv. 200
,Anneau crustique,,Anneau,Niv. 200
,Voilamibe,,Cape,Niv. 200
,Amulette de Shokkoth,,Amulette,Niv. 200
,Boutures,,Bottes,Niv. 200
,Amulette Rinne,,Amulette,Niv. 200
,Bottes Lunaires,,Bottes,Niv. 200
,Chapeau de Gein,,Chapeau,Niv. 200
,Ceinture de Gein,,Ceinture,Niv. 200
,Couvre-chef du ménestrel Vive-Griffe,,Chapeau,Niv. 200
,Dofus Tâcheté,,Dofus,Niv. 200
,Ceinture Séculaire,,Ceinture,Niv. 200
,Cape du Sinistrofu,,Cape,Niv. 200
,Amulette du Sinistrofu,,Amulette,Niv. 200
,Amulette Cryochrone,,Amulette,Niv. 200
,Amulette du Nocturlabe,,Amulette,Niv. 200
,Ceinture du Nocturlabe,,Ceinture,Niv. 200
,Cape Oflère,,Cape,Niv. 200
,Le Dorado,,Chapeau,Niv. 200
,Cape de Meno,,Cape,Niv. 200
,Bottes Péremptoires,,Bottes,Niv. 200
,Masque de Funespadon,,Chapeau,Niv. 200
,Anneau des égarés,,Anneau,Niv. 200
,Cape luminescente,,Cape,Niv. 200
,Cacture,,Ceinture,Niv. 200
,Capterre,,Cape,Niv. 200
,Scaramouchapeau,,Chapeau,Niv. 200
,Bulbouclier,,Bouclier,Niv. 200
,Capistil,,Cape,Niv. 200
,Diadème de Wulan,,Chapeau,Niv. 200
,Sangle Icisme,,Ceinture,Niv. 200
,Talisman Igans,,Amulette,Niv. 200
,Bottes du ménestrel Vive-Griffe,,Bottes,Niv. 200
,Anneau de guerrier albueran,,Anneau,Niv. 200
,Masque de Kaonashi,,Chapeau,Niv. 200
,Coiffe du Comte Harebourg,,Chapeau,Niv. 200
,Coiffe Séculaire,,Chapeau,Niv. 200
,Masque du Granduk,,Chapeau,Niv. 200
,Amulette du Granduk,,Amulette,Niv. 200
,Sangle Ouare,,Ceinture,Niv. 200
,Bandeau Ktriné,,Chapeau,Niv. 200
,Capushincha,,Chapeau,Niv. 200
,Collier d'Ava Taroun,,Amulette,Niv. 200
,Anneau Shushuverain,,Anneau,Niv. 200
,Sandales de Mazin Lyn,,Bottes,Niv. 200
,Cape de cérémoniale de Mazin Lyn,,Cape,Niv. 200
,Bottes de Meno,,Bottes,Niv. 200
,Casque de Meno,,Chapeau,Niv. 200
,Masque du Bandit Spectral,,Chapeau,Niv. 200
,Bouclier Clairvoyant,,Bouclier,Niv. 200
,Chaussons de Macrab,,Bottes,Niv. 200
,Bouclier de Sidimote,,Bouclier,Niv. 200
,Bouclier de la Congère,,Bouclier,Niv. 200
,Protopagne,,Ceinture,Niv. 200
,Baleinabottes,,Bottes,Niv. 200
,Pendentif affamé,,Amulette,Niv. 200
,Torquistik,,Amulette,Niv. 200
,Pendentif mignon de Koutoulou,,Amulette,Niv. 200
,Casque Cyclopéen,,Chapeau,Niv. 200
,Anneau Rifique,,Anneau,Niv. 200
,Caparavent,,Cape,Niv. 200
,Anneau Lunaire,,Anneau,Niv. 200
,Bottes Owesli,,Bottes,Niv. 200
,Cape du cleptomane Vive-Griffe,,Cape,Niv. 200
,Anneau de Katamashii,,Anneau,Niv. 200
,Ceinture du Sanctuaire,,Ceinture,Niv. 200
,Sac mortuaire,,Cape,Niv. 200
,Anneau du Comte Harebourg,,Anneau,Niv. 200
,Bottes du Sinistrofu,,Bottes,Niv. 200
,Amulette du Cycloïde,,Amulette,Niv. 200
,Bottes du Strigide,,Bottes,Niv. 200
,Sangle Aise,,Ceinture,Niv. 200
,Anneau Ouroboulos,,Anneau,Niv. 200
,Cape Ouroboulos,,Cape,Niv. 200
,Bottes Ouroboulos,,Bottes,Niv. 200
,Cape d'Ava Taroun,,Cape,Niv. 200
,Fausse griffe d'Ava Taroun,,Anneau,Niv. 200
,Collier boussole du chasseur de trésors,,Amulette,Niv. 200
,Masque de Mazin Lyn,,Chapeau,Niv. 200
,Alliance du Bandit Spectral,,Anneau,Niv. 200
,Menoture,,Ceinture,Niv. 200
,Kidibonnet,,Chapeau,Niv. 200
,Cape indescriptible,,Cape,Niv. 200
,Bouclier Ventaille,,Bouclier,Niv. 200
,Ceintacé,,Ceinture,Niv. 200
,Maskrobe,,Chapeau,Niv. 200
,Pataugastrique,,Bottes,Niv. 200
,Cape de Mantaze,,Cape,Niv. 200
,Amulette luminescente,,Amulette,Niv. 200
,Ceinture luminescente,,Ceinture,Niv. 200
,Cape de Dina Tapio,,Cape,Niv. 200
,Bottes de Dina Tapio,,Bottes,Niv. 200
,Coiffe du Roas’Inge,,Chapeau,Niv. 200
,Bottes du Roas'Inge,,Bottes,Niv. 200
,Collier de perlouzes,,Amulette,Niv. 200
,Amulette de Wulan,,Amulette,Niv. 200
,Solerets Kritur,,Bottes,Niv. 200
,Amulette de Gein,,Amulette,Niv. 200
,Collier du ménestrel Vive-Griffe,,Amulette,Niv. 200
,Gant du cleptomane Vive-Griffe,,Anneau,Niv. 200
,Ceinture du cleptomane Vive-Griffe,,Ceinture,Niv. 200
,Collier Stival,,Amulette,Niv. 200
,Ceinture de Kaeneko,,Ceinture,Niv. 200
,Geta du Sanctuaire,,Bottes,Niv. 200
,Bottes du Comte Harebourg,,Bottes,Niv. 200
,Amulette Séculaire,,Amulette,Niv. 200
,Coiffe Cryochrone,,Chapeau,Niv. 200
,Bottes du Cycloïde,,Bottes,Niv. 200
,Talisman Songe,,Amulette,Niv. 200
,Bottes Dogues,,Bottes,Niv. 200
,Goulano,,Anneau,Niv. 200
,Goulbottes,,Bottes,Niv. 200
,Bottes du Bandit Spectral,,Bottes,Niv. 200
,Coiffe Abyssale,,Chapeau,Niv. 200
,Amulette de l'indicible,,Amulette,Niv. 200
,Bouclier du Transporteur,,Bouclier,Niv. 200
,Culotte de Bethel,,Ceinture,Niv. 200
,Bouclier du Captain Amakna,,Bouclier,Niv. 200
,Chapeau des égarés,,Chapeau,Niv. 200
,Bouclier de la Tannerie,,Bouclier,Niv. 200
,Capchalot,,Cape,Niv. 200
,Bottistik,,Bottes,Niv. 200
,Amulette de Gadoo,,Amulette,Niv. 200
,Cascterre,,Chapeau,Niv. 200
,Amulette de Dina Tapio,,Amulette,Niv. 200
,Cape du Roas'Inge,,Cape,Niv. 200
,Bouclier Simiesque,,Bouclier,Niv. 200
,Plantamulette,,Amulette,Niv. 200
,Mur de Ronces,,Bouclier,Niv. 200
,Collier Lunaire,,Amulette,Niv. 200
,Ceintrigue,,Ceinture,Niv. 200
,Bottes de Brume,,Bottes,Niv. 200
,Anneau Instable,,Anneau,Niv. 199
,Anneau du Père Fwetar,,Anneau,Niv. 199
,Bottes d'Oshimo,,Bottes,Niv. 199
,Bottes de Nileza,,Bottes,Niv. 199
,Kralano,,Anneau,Niv. 199
,Masque du Glourséleste,,Chapeau,Niv. 199
,Bottes de Léthaline,,Bottes,Niv. 199
,Anneau Vicié,,Anneau,Niv. 199
,Bague Instable,,Anneau,Niv. 199
,Mainmulette des Poussédé,,Amulette,Niv. 199
,Alliance Gloursonne,,Anneau,Niv. 198
,Coiffe d'Oshimo,,Chapeau,Niv. 198
,Cape de Théodoran Ax,,Cape,Niv. 198
,Cape de Nileza,,Cape,Niv. 198
,Ceinture du Père Fwetar,,Ceinture,Niv. 198
,Sac des Firefoux,,Sac à dos,Niv. 198
,Ceinture Dentesque des Poussédé,,Ceinture,Niv. 198
,Anneau Tamie,,Anneau,Niv. 198
,Cape de Sylargh,,Cape,Niv. 198
,Cape au Logis,,Cape,Niv. 198
,Cape Ratique,,Cape,Niv. 198
,Anneau de Brouce,,Anneau,Niv. 198
,Coiffe de Padgref,,Chapeau,Niv. 198
,Alliance de Missiz Frizz,,Anneau,Niv. 198
,Amulette du Glourséleste,,Amulette,Niv. 198
,Cape Reski,,Cape,Niv. 198
,Coiffe d'Aermyne,,Chapeau,Niv. 198
,Ceinture de Klime,,Ceinture,Niv. 198
,Bottes Viciées,,Bottes,Niv. 198
,Bracelet du Minotoboule,,Anneau,Niv. 197
,Bonnet Vicié,,Chapeau,Niv. 197
,Frimature,,Ceinture,Niv. 197
,Cape du Glourséleste,,Cape,Niv. 197
,Cape de Klime,,Cape,Niv. 197
,Cape Glaciale,,Cape,Niv. 197
,Phylactère Mic,,Amulette,Niv. 197
,Bracelet Ming,,Anneau,Niv. 197
,Bottes du Père Fwetar,,Bottes,Niv. 197
,Anneau des Poussédé,,Anneau,Niv. 197
,Amulette Hendart,,Amulette,Niv. 197
,Bague Gloursonne,,Anneau,Niv. 197
,Anneau de Padgref,,Anneau,Niv. 197
,Anneau Vicieux,,Anneau,Niv. 197
,Ceinture d'artifices,,Ceinture,Niv. 197
,Bottes de Brouce,,Bottes,Niv. 197
,Amulette d'Otomaï,,Amulette,Niv. 197
,Anneau d'Allister,,Anneau,Niv. 197
,Anneau Glacial,,Anneau,Niv. 197
,Cape Hiculteur,,Cape,Niv. 196
,Amulette d'Oshimo,,Amulette,Niv. 196
,Pantoufles Émar,,Bottes,Niv. 196
,Ceinture Instable,,Ceinture,Niv. 196
,Capuche de Sylargh,,Chapeau,Niv. 196
,Grésilanneau,,Anneau,Niv. 196
,Bottes du Glourséleste,,Bottes,Niv. 196
,Getas de Padgref,,Bottes,Niv. 196
,Bague Nostik,,Anneau,Niv. 196
,Alliance des Firefoux,,Anneau,Niv. 196
,Coiffe de Danathor,,Chapeau,Niv. 196
,Cape de Nevark,,Cape,Niv. 196
,Coiffe d'Hel Munster,,Chapeau,Niv. 196
,Cape d'Aermyne,,Cape,Niv. 196
,Sabots Minables,,Bottes,Niv. 196
,Ceinture Glaciale,,Ceinture,Niv. 196
,Casque de Missiz Frizz,,Chapeau,Niv. 196
,Bottes de Missiz Frizz,,Bottes,Niv. 196
,Amulette Rangleur,,Amulette,Niv. 196
,Bottes Vicieuses,,Bottes,Niv. 196
,Subligar de Barbéryl,,Ceinture,Niv. 196
,Le Kim,,Chapeau,Niv. 196
,Couronne d'Allister,,Chapeau,Niv. 196
,Cape Matelassée,,Cape,Niv. 196
,Masque de Klime,,Chapeau,Niv. 196
,Amulette de Nileza,,Amulette,Niv. 196
,Calotte Spot,,Chapeau,Niv. 196
,Frimanneau,,Anneau,Niv. 195
,Chapeau Lochon,,Chapeau,Niv. 195
,Ceinture de Nevark,,Ceinture,Niv. 195
,Bottes de Théodoran Ax,,Bottes,Niv. 195
,Slip du Roi de Bonta,,Ceinture,Niv. 195
,Ceinture Hyolite,,Ceinture,Niv. 195
,Grelots de Barbéryl,,Chapeau,Niv. 195
,Coiffe de la Fuji Givrefoux,,Chapeau,Niv. 195
,Ceinture d'Ogivol,,Ceinture,Niv. 195
,Sandales Circulaires du Kimbo,,Bottes,Niv. 195
,Amulette du Professeur Xa,,Amulette,Niv. 195
,Sangle de Sylargh,,Ceinture,Niv. 195
,Ceinture du Glourséleste,,Ceinture,Niv. 195
,Coiffe du Glourséleste,,Chapeau,Niv. 195
,Amulette d'Hel Munster,,Amulette,Niv. 195
,Sandales Ouzi,,Bottes,Niv. 195
,Kralamansion,,Amulette,Niv. 194
,Bottes de la Fuji Givrefoux,,Bottes,Niv. 194
,Ceinture de Brouce,,Ceinture,Niv. 194
,Amulette de Danathor,,Amulette,Niv. 194
,Ceinture de Léthaline,,Ceinture,Niv. 194
,Amulette de Nevark,,Amulette,Niv. 194
,Pendentif Oton,,Amulette,Niv. 194
,Anneau Aimgéroks,,Anneau,Niv. 194
,Cape de Léthaline,,Cape,Niv. 194
,Cape d'Hel Munster,,Cape,Niv. 194
,Grésilocape,,Cape,Niv. 194
,Bonnet Vicieux,,Chapeau,Niv. 194
,Ceinture Hanium,,Ceinture,Niv. 194
,Sandales Pinistes,,Bottes,Niv. 194
,Cape du Professeur Xa,,Cape,Niv. 194
,Coiffe d'Ogivol,,Chapeau,Niv. 193
,Ceinture d'Henual,,Ceinture,Niv. 193
,Ceinture Pitude,,Ceinture,Niv. 193
,Frimacoiffe,,Chapeau,Niv. 193
,Coiffe de Kolosso,,Chapeau,Niv. 193
,Bottes du Professeur Xa,,Bottes,Niv. 193
,Cape de la Fuji Givrefoux,,Cape,Niv. 193
,Cape d'Ogivol,,Cape,Niv. 193
,Amulette de Théodoran Ax,,Amulette,Niv. 193
,Les Casse-noisettes,,Anneau,Niv. 193
,Amulette du K.O.,,Amulette,Niv. 193
,Anneau du Professeur Xa,,Anneau,Niv. 192
,Anneau de Kolosso,,Anneau,Niv. 192
,Ceinture de Danathor,,Ceinture,Niv. 192
,Bottes du K.O.,,Bottes,Niv. 192
,Frimamulette,,Amulette,Niv. 192
,Anneau de la Fuji Givrefoux,,Anneau,Niv. 192
,Bottes d'Otomaï,,Bottes,Niv. 192
,String Tue-Mouche,,Ceinture,Niv. 192
,Binocle Airvoyant,,Chapeau,Niv. 192
,Sandales de Tal Kasha,,Bottes,Niv. 191
,Bottes d'Allister,,Bottes,Niv. 191
,Chapeau Kassé,,Chapeau,Niv. 191
,Voile d'encre,,Cape,Niv. 191
,Ceinture du K.O.,,Ceinture,Niv. 191
,Ceinture de Kolosso,,Ceinture,Niv. 190
,Emblème : Héroïsme,,Emblème de Maîtrise,Niv. 190
,Emblème : Téléglyphe,,Emblème de Maîtrise,Niv. 190
,Emblème : Débandade,,Emblème de Maîtrise,Niv. 190
,Emblème : Double,,Emblème de Maîtrise,Niv. 190
,Emblème : Mot Stimulant,,Emblème de Maîtrise,Niv. 190
,Grésilobottes,,Bottes,Niv. 190
,Anneau d'Henual,,Anneau,Niv. 190
,Emblème : Aimantation,,Emblème de Maîtrise,Niv. 190
,Emblème : Entourloupe,,Emblème de Maîtrise,Niv. 190
,Emblème : Évolution,,Emblème de Maîtrise,Niv. 190
,Emblème : Déplacement Félin,,Emblème de Maîtrise,Niv. 190
,Emblème : Soin Bestial,,Emblème de Maîtrise,Niv. 190
,Emblème : Chance,,Emblème de Maîtrise,Niv. 190
,Emblème : Bond du Félin,,Emblème de Maîtrise,Niv. 190
,Emblème : Punition,,Emblème de Maîtrise,Niv. 190
,Emblème : Reuche,,Emblème de Maîtrise,Niv. 190
,Emblème : Momification,,Emblème de Maîtrise,Niv. 190
,Emblème : Mot d'Altruisme,,Emblème de Maîtrise,Niv. 190
,Emblème : Puissance,,Emblème de Maîtrise,Niv. 190
,Emblème : Trèfle,,Emblème de Maîtrise,Niv. 190
,Emblème : Châtiment du Martyr,,Emblème de Maîtrise,Niv. 190
,Emblème : Rembobinage,,Emblème de Maîtrise,Niv. 190
,Emblème : Ronce Insolente,,Emblème de Maîtrise,Niv. 190
,Emblème : Flèche Grappin,,Emblème de Maîtrise,Niv. 190
,Emblème : Stabilisation,,Emblème de Maîtrise,Niv. 190
,Emblème : Piège d'Immobilisation,,Emblème de Maîtrise,Niv. 190
,Capignon,,Cape,Niv. 190
,Emblème : Scaphandre,,Emblème de Maîtrise,Niv. 190
,Emblème : Bond,,Emblème de Maîtrise,Niv. 190
,Emblème : Maladresse,,Emblème de Maîtrise,Niv. 190
,Emblème : Arbre,,Emblème de Maîtrise,Niv. 190
,Emblème : Invocation de Balise Tactique,,Emblème de Maîtrise,Niv. 190
,Emblème : Vulnérabilité,,Emblème de Maîtrise,Niv. 190
,Annolamour,,Anneau,Niv. 189
,Amunite,,Amulette,Niv. 189
,Bottes de Boréale,,Bottes,Niv. 189
,Némès de Tal Kasha,,Chapeau,Niv. 189
,Casque Harnage,,Chapeau,Niv. 189
,Anneau Colerette,,Anneau,Niv. 188
,Chevelure de Tal Kasha,,Cape,Niv. 188
,Alliance Sorcelée,,Anneau,Niv. 187
,Coiffe de Boréale,,Chapeau,Niv. 187
,Cape nécrotique,,Cape,Niv. 186
,Alliance Boletée,,Anneau,Niv. 186
,Bottines Hodore,,Bottes,Niv. 186
,Amulette Héroclite,,Amulette,Niv. 186
,Racine Hueuse,,Amulette,Niv. 186
,Bottes Nécrotiques,,Bottes,Niv. 185
,Ceinture de Boréale,,Ceinture,Niv. 185
,Cape Erforée,,Cape,Niv. 185
,Amulette nécrotique,,Amulette,Niv. 185
,Ougature,,Ceinture,Niv. 185
,Chapignon,,Chapeau,Niv. 185
,Bracelet des fonds marins,,Anneau,Niv. 185
,Amulette Ripage,,Amulette,Niv. 184
,Bottes Répané,,Bottes,Niv. 184
,Amulette du Korriandre,,Amulette,Niv. 184
,Chapeau Lisson,,Chapeau,Niv. 184
,Cape du Kanimate,,Cape,Niv. 184
,Sandales des fonds marins,,Bottes,Niv. 183
,Ceinture Bine,,Ceinture,Niv. 183
,Coiffe du Kanimate,,Chapeau,Niv. 183
,Bague de Boréale,,Anneau,Niv. 183
,Cape de Dremoan,,Cape,Niv. 183
,Ceinture Rasboulaire du Rasboul,,Ceinture,Niv. 182
,Cape du Korriandre,,Cape,Niv. 182
,Cape Peupret,,Cape,Niv. 182
,Crache-feu Firefoux,,Sac à dos,Niv. 182
,Chapeau de Dremoan,,Chapeau,Niv. 182
,Ougamulette,,Amulette,Niv. 181
,Amulette du Kanimate,,Amulette,Niv. 181
,Caprin,,Cape,Niv. 181
,Ceinture Toré,,Ceinture,Niv. 181
,Masque des fonds marins,,Chapeau,Niv. 181
,Chaussons Pignons,,Bottes,Niv. 181
,Anneau du Korriandre,,Anneau,Niv. 180
,Bouclier Kikaï,,Bouclier,Niv. 180
,Bouclier Tentaculaire,,Bouclier,Niv. 180
,Dofus des Glaces,,Dofus,Niv. 180
,Chapeau de Crocodaille Dandi,,Chapeau,Niv. 180
,Anneau Chevelu,,Anneau,Niv. 180
,Dorigami,,Dofus,Niv. 180
,Cadran de Terre,,Bouclier,Niv. 180
,Bouclier Kolossal,,Bouclier,Niv. 180
,Domakuro,,Dofus,Niv. 180
,Dofus Magmatique,,Dofus,Niv. 180
,Bouclier Fongique,,Bouclier,Niv. 180
,Coupe de Dragokart,,Bouclier,Niv. 180
,Bouclier Volant,,Bouclier,Niv. 180
,Cadran d'Air,,Bouclier,Niv. 180
,Bouclier du Chasseur de Trooll,,Bouclier,Niv. 180
,Bottes de Dremoan,,Bottes,Niv. 180
,Anneau Bliteré,,Anneau,Niv. 179
,Tranche des Sous-bois,,Ceinture,Niv. 179
,Bracelet Ventré,,Anneau,Niv. 179
,Slip Iholo,,Ceinture,Niv. 179
,Ougalurette,,Chapeau,Niv. 178
,Cape du Tengu Givrefoux,,Cape,Niv. 178
,Ceinture Mycosine,,Ceinture,Niv. 177
,Ceinture du Tengu Givrefoux,,Ceinture,Niv. 177
,Amulette de Guten Tak,,Amulette,Niv. 177
,Collier Kléctik,,Amulette,Niv. 177
,Cape du Roi Skaille,,Cape,Niv. 176
,Cape Surde,,Cape,Niv. 176
,Kwaflaque,,Chapeau,Niv. 176
,Kwarapace,,Sac à dos,Niv. 175
,Vigoureux majeur,,Trophée,Niv. 175
,Temporiseur majeur,,Trophée,Niv. 175
,Chanceux majeur,,Trophée,Niv. 175
,Guérisseur majeur,,Trophée,Niv. 175
,Déserteur majeur,,Trophée,Niv. 175
,Pagne du Soryo Givrefoux,,Ceinture,Niv. 175
,Culbuteur majeur,,Trophée,Niv. 175
,Dévastateur Feu majeur,,Trophée,Niv. 175
,Fortification majeure,,Trophée,Niv. 175
,Bottines des sous-bois,,Bottes,Niv. 175
,Sanguinaire majeur,,Trophée,Niv. 175
,Fonceur majeur,,Trophée,Niv. 175
,Solide majeur,,Trophée,Niv. 175
,Dévastateur Air majeur,,Trophée,Niv. 175
,Cascadeur majeur,,Trophée,Niv. 175
,Enragé majeur,,Trophée,Niv. 175
,Obstructeur majeur,,Trophée,Niv. 175
,Coiffe du Tengu Givrefoux,,Chapeau,Niv. 175
,Anneau de Guten Tak,,Anneau,Niv. 175
,Cavaleur majeur,,Trophée,Niv. 175
,Étourdisseur majeur,,Trophée,Niv. 175
,Dévastateur Terre majeur,,Trophée,Niv. 175
,Évasif majeur,,Trophée,Niv. 175
,Dévastateur Eau majeur,,Trophée,Niv. 175
,Dévastateur Neutre majeur,,Trophée,Niv. 175
,Érudit majeur,,Trophée,Niv. 175
,Miraculé majeur,,Trophée,Niv. 175
,Chapeau Tiche,,Chapeau,Niv. 174
,Bottines Hertie,,Bottes,Niv. 174
,Scalp du Roi Skaille,,Chapeau,Niv. 174
,Chapeau Pourih,,Chapeau,Niv. 174
,Alliance Hestrale,,Anneau,Niv. 173
,Alliance de Guten Tak,,Anneau,Niv. 173
,Porte-Bonheur du Roi Skaille,,Amulette,Niv. 173
,Anneau Tabéné,,Anneau,Niv. 173
,Amulette Cætera,,Amulette,Niv. 173
,Chaussquales,,Bottes,Niv. 173
,Bottes du Tengu Givrefoux,,Bottes,Niv. 173
,Sulik,,Chapeau,Niv. 172
,Chapeau Lichinelle,,Chapeau,Niv. 172
,Cape des Matougarous,,Cape,Niv. 172
,Anneau du Braconnier,,Anneau,Niv. 172
,Casquoporth,,Chapeau,Niv. 171
,Anneau des Matougarous,,Anneau,Niv. 171
,Cape du Petit Chapon Rouge,,Cape,Niv. 171
,Capikténia,,Cape,Niv. 171
,Bottes du Braconnier,,Bottes,Niv. 170
,Ceintrémorse,,Ceinture,Niv. 170
,Ceinture des Matougarous,,Ceinture,Niv. 170
,Chapeau Stapokaliptik,,Chapeau,Niv. 169
,Crolier,,Amulette,Niv. 169
,Veranneau,,Anneau,Niv. 169
,Anneau des Prophètes,,Anneau,Niv. 168
,Capuche Souveraine du Roissingue,,Chapeau,Niv. 168
,Sandales Binosse,,Bottes,Niv. 167
,Bottes de l'Obsidiantre,,Bottes,Niv. 167
,Casque de l'Obsidiantre,,Chapeau,Niv. 166
,Casque du Braconnier,,Chapeau,Niv. 166
,Bouclier de la Canopée,,Bouclier,Niv. 165
,Cadran d'Eau,,Bouclier,Niv. 165
,Bouclier Shushkebab,,Bouclier,Niv. 165
,Bouclier du Mont Kipou,,Bouclier,Niv. 165
,Carapace Marine,,Bouclier,Niv. 165
,Bouclier du Kailleu,,Bouclier,Niv. 165
,Bouclier Givrefoux,,Bouclier,Niv. 165
,Bouclier Bouillonnant,,Bouclier,Niv. 165
,Cadran de Feu,,Bouclier,Niv. 165
,Goldoture,,Ceinture,Niv. 164
,Amulette de l'Obsidiantre,,Amulette,Niv. 164
,Crokanture,,Ceinture,Niv. 164
,Larme de Nagate,,Amulette,Niv. 164
,Coiffe du Tynril,,Chapeau,Niv. 164
,Sangle Oriole,,Ceinture,Niv. 164
,Katar Strophe,,Chapeau,Niv. 163
,Cape du Crokant,,Cape,Niv. 163
,Sandales du Minotot,,Bottes,Niv. 163
,Collier Yé,,Amulette,Niv. 163
,Cape de l'Obsidiantre,,Cape,Niv. 163
,Amulette Ementaire Deluxe,,Amulette,Niv. 163
,Ceinture des Prophètes,,Ceinture,Niv. 163
,Anneau Nimat,,Anneau,Niv. 162
,Zothulette,,Amulette,Niv. 162
,Slip Noze,,Ceinture,Niv. 162
,Les Maidartes,,Bottes,Niv. 161
,Cape Solution,,Cape,Niv. 161
,Blopronne Royale,,Chapeau,Niv. 161
,Bague de l'Obsidiantre,,Anneau,Niv. 161
,Cape Tivante,,Cape,Niv. 161
,Coiffe Crokante,,Chapeau,Niv. 160
,Le Nahitse,,Chapeau,Niv. 160
,Casque de Metag Robill,,Chapeau,Niv. 160
,Sandales Hambic,,Bottes,Niv. 159
,Collier du Minotot,,Amulette,Niv. 158
,Masque Vaudou Thierry,,Chapeau,Niv. 158
,Masque Vaudou Archer,,Chapeau,Niv. 158
,Ceinture de Grozilla,,Ceinture,Niv. 158
,Masque Vaudou Sarbak,,Chapeau,Niv. 158
,Masque Vaudou Jav,,Chapeau,Niv. 158
,Sceau Souverain du Roissingue,,Anneau,Niv. 158
,Ceinture de Ben le Ripate,,Ceinture,Niv. 157
,Amulette de Cantile,,Amulette,Niv. 157
,Coiffe du Minotot,,Chapeau,Niv. 157
,Ceinture d'Hell Mina,,Ceinture,Niv. 157
,Coiffe du Maître Zoth,,Chapeau,Niv. 156
,Cape du Minotot,,Cape,Niv. 156
,Fantômasque,,Chapeau,Niv. 156
,Masque du Frelon Noir,,Chapeau,Niv. 156
,Cape d'Hell Mina,,Cape,Niv. 156
,Bottes de Cantile,,Bottes,Niv. 156
,Masque du Harpirate,,Chapeau,Niv. 155
,Cape de Crânonier,,Cape,Niv. 155
,Anneau de Cantile,,Anneau,Niv. 155
,Bottes de Grozilla,,Bottes,Niv. 155
,Crochet de Ben le Ripate,,Anneau,Niv. 155
,Casque du Bitouf Aérien,,Chapeau,Niv. 154
,Chapeau de Ben le Ripate,,Chapeau,Niv. 154
,Coiffe de Grozilla,,Chapeau,Niv. 154
,Talisman Choh,,Amulette,Niv. 154
,Ceinture Phorreur,,Ceinture,Niv. 154
,Bottes Honyme,,Bottes,Niv. 154
,Alliance d'Hell Mina,,Anneau,Niv. 154
,Slip Hie,,Ceinture,Niv. 153
,Ceinture du Frelon Noir,,Ceinture,Niv. 153
,Bottes Crépitantes de Malter,,Bottes,Niv. 153
,Grigri Malter,,Amulette,Niv. 153
,Chapeau de Tournoyé,,Chapeau,Niv. 153
,Cape de Cantile,,Cape,Niv. 153
,Groin-groin porte bonheur,,Amulette,Niv. 152
,Anneau poli de Malter,,Anneau,Niv. 152
,Collier du Tanukouï San,,Amulette,Niv. 152
,Chapblopignon,,Chapeau,Niv. 152
,Cape Souveraine du Roissingue,,Cape,Niv. 152
,Bracelet du Minotot,,Anneau,Niv. 151
,Bonnet Ko,,Chapeau,Niv. 151
,Ruskauffe,,Chapeau,Niv. 151
,Pèlerine d’Augilol,,Cape,Niv. 151
,Amulette de Grozilla,,Amulette,Niv. 151
,Engourdisseur majeur,,Trophée,Niv. 150
,Rempart majeur,,Trophée,Niv. 150
,Cuirassé Neutre majeur,,Trophée,Niv. 150
,Ravageur Neutre majeur,,Trophée,Niv. 150
,Soigneur majeur,,Trophée,Niv. 150
,Joueur majeur,,Trophée,Niv. 150
,Cape du Nowel Cauchemardesque,,Cape,Niv. 150
,Bottes du Nowel Cauchemardesque,,Bottes,Niv. 150
,Astucieux majeur,,Trophée,Niv. 150
,Equilibriste majeur,,Trophée,Niv. 150
,Bousculeur majeur,,Trophée,Niv. 150
,Bouclier du Capitaine,,Bouclier,Niv. 150
,Tacleur majeur,,Trophée,Niv. 150
,Fuyard majeur,,Trophée,Niv. 150
,Insaisissable majeur,,Trophée,Niv. 150
,Cuirassé Feu majeur,,Trophée,Niv. 150
,Ravageur Eau majeur,,Trophée,Niv. 150
,Porte-Malheur du Nowel Cauchemardesque,,Amulette,Niv. 150
,Saccageur Eau majeur,,Trophée,Niv. 150
,Saccageur Air majeur,,Trophée,Niv. 150
,Imprenable majeur,,Trophée,Niv. 150
,Evanescent majeur,,Trophée,Niv. 150
,Inflexible majeur,,Trophée,Niv. 150
,Précurseur majeur,,Trophée,Niv. 150
,Muraille Eau majeure,,Trophée,Niv. 150
,Infernano,,Anneau,Niv. 150
,Bouclier du Bûcheron,,Bouclier,Niv. 150
,Bouclier Félin,,Bouclier,Niv. 150
,Coiffe de l'Arak-Haï,,Chapeau,Niv. 150
,Ralentisseur majeur,,Trophée,Niv. 150
,Cuirassé Air majeur,,Trophée,Niv. 150
,Porteur majeur,,Trophée,Niv. 150
,Furibond majeur,,Trophée,Niv. 150
,Ravageur Terre majeur,,Trophée,Niv. 150
,Saccageur Terre majeur,,Trophée,Niv. 150
,Saccageur Feu majeur,,Trophée,Niv. 150
,Entraveur majeur,,Trophée,Niv. 150
,Muraille Feu majeure,,Trophée,Niv. 150
,Muraille Air majeure,,Trophée,Niv. 150
,Mandrano,,Anneau,Niv. 150
,Caparak,,Cape,Niv. 150
,Fugitif majeur,,Trophée,Niv. 150
,Pousseur majeur,,Trophée,Niv. 150
,Adamantin majeur,,Trophée,Niv. 150
,Cuirassé Eau majeur,,Trophée,Niv. 150
,Cuirassé Terre majeur,,Trophée,Niv. 150
,Ravageur Air majeur,,Trophée,Niv. 150
,Savant majeur,,Trophée,Niv. 150
,Survivant majeur,,Trophée,Niv. 150
,Docteur majeur,,Trophée,Niv. 150
,Forcené majeur,,Trophée,Niv. 150
,Taquin majeur,,Trophée,Niv. 150
,Saccageur Neutre majeur,,Trophée,Niv. 150
,Styxano,,Anneau,Niv. 150
,Bouclier Duveteux,,Bouclier,Niv. 150
,Derma Tho,,Bouclier,Niv. 150
,Ravageur Feu majeur,,Trophée,Niv. 150
,Initiateur majeur,,Trophée,Niv. 150
,Acrobate majeur,,Trophée,Niv. 150
,Masque du Nowel Cauchemardesque,,Chapeau,Niv. 150
,Bloqueur majeur,,Trophée,Niv. 150
,Vagabond majeur,,Trophée,Niv. 150
,Bastion majeur,,Trophée,Niv. 150
,Paralyseur majeur,,Trophée,Niv. 150
,Muraille Terre majeure,,Trophée,Niv. 150
,Muraille Neutre majeure,,Trophée,Niv. 150
,Robuste majeur,,Trophée,Niv. 150
,Féroce majeur,,Trophée,Niv. 150
,Willkillsano,,Anneau,Niv. 150
,Anneau Tissé,,Anneau,Niv. 149
,Krépite,,Chapeau,Niv. 149
,Ceinture du Minotot,,Ceinture,Niv. 149
,Couvre-chef du Shushkebab,,Chapeau,Niv. 149
,Cape du Bretteur Céleste,,Cape,Niv. 148
,Gaine Nyée,,Ceinture,Niv. 148
,Ceinture de Bworkékorall,,Ceinture,Niv. 148
,Bottes Soyeuses,,Bottes,Niv. 148
,Ceinture Bitoufale de Prosper Youpla,,Ceinture,Niv. 148
,Cape Itaineflam,,Cape,Niv. 148
,Anneau Frage,,Anneau,Niv. 148
,Ceinture du Bretteur Céleste,,Ceinture,Niv. 147
,Amulette des Huit Yeux,,Amulette,Niv. 147
,Sandales Gorithme,,Bottes,Niv. 147
,Amulette de Frigostine,,Amulette,Niv. 147
,Ceinture du Kaniblou,,Ceinture,Niv. 146
,Cape du Shushkebab,,Cape,Niv. 146
,Anneau Nobstant,,Anneau,Niv. 146
,Cape Phorreur,,Cape,Niv. 146
,Bottes Cloutées de Bworkékorall,,Bottes,Niv. 146
,Anneau du Mansot Royal,,Anneau,Niv. 146
,Coiffe du Chêne Mou,,Chapeau,Niv. 145
,Anneau du Kaniblou,,Anneau,Niv. 145
,Waraji du Bretteur Céleste,,Bottes,Niv. 145
,Casque Cornu de Bworkékorall,,Chapeau,Niv. 145
,Coiffe de l'Orfélin,,Chapeau,Niv. 145
,Piruk,,Chapeau,Niv. 145
,Cape du Mansot Royal,,Cape,Niv. 144
,Casque du Bwork de Bronze,,Chapeau,Niv. 144
,Anneau de Frigostine,,Anneau,Niv. 144
,Cape du Kaniblou,,Cape,Niv. 143
,La Meulette,,Amulette,Niv. 143
,Ceinture de l'Orfélin,,Ceinture,Niv. 143
,Cape Usée du Chêne Mou,,Cape,Niv. 142
,Couronne du Mansot Royal,,Chapeau,Niv. 142
,Amulette de l'Orfélin,,Amulette,Niv. 142
,Bottes de Frigostine,,Bottes,Niv. 142
,String Automnal du Chêne Mou,,Ceinture,Niv. 141
,Coiffe du Meulou,,Chapeau,Niv. 141
,Anneau Made,,Anneau,Niv. 141
,Ceinture de Frigostine,,Ceinture,Niv. 140
,Dofus Émeraude,,Dofus,Niv. 140
,Anneau du Chêne Mou,,Anneau,Niv. 139
,Cape du Meulou,,Cape,Niv. 139
,Talisman du Chêne Mou,,Amulette,Niv. 138
,Pagniglou,,Ceinture,Niv. 138
,Bottes Hoktone,,Bottes,Niv. 138
,Talisman Doline,,Amulette,Niv. 137
,Bottines en bois d'abrakleur,,Bottes,Niv. 136
,Tongues du dimanche du Chêne Mou,,Bottes,Niv. 136
,Bague du Gardien Crakillian,,Anneau,Niv. 135
,Bouclier Feudala,,Bouclier,Niv. 135
,Le Karde Coeur,,Bouclier,Niv. 135
,Bouclier Fi'Squale,,Bouclier,Niv. 135
,Bouclier du Gardien,,Bouclier,Niv. 135
,Bouclier Fleuri,,Bouclier,Niv. 135
,Casque du Guerrier Zoth,,Chapeau,Niv. 134
,Bottes Cérémoniales du Seigneur des Rats,,Bottes,Niv. 134
,Collier Cérémonial du Seigneur des Rats,,Amulette,Niv. 134
,Masque de l'Abrakleur clair,,Chapeau,Niv. 134
,Ceinture Cérémoniale du Seigneur des Rats,,Ceinture,Niv. 133
,Masque du Sergent Zoth,,Chapeau,Niv. 133
,Bandeau Kaliptus,,Chapeau,Niv. 133
,Coiffe Cérémoniale du Seigneur des Rats,,Chapeau,Niv. 133
,Cape du Gardien Crakillian,,Cape,Niv. 132
,Cape Ricieuse,,Cape,Niv. 132
,Alliance du Gardien Crakillian,,Anneau,Niv. 131
,Anneau Cérémonial du Seigneur des Rats,,Anneau,Niv. 131
,Bottes du Meulou,,Bottes,Niv. 131
,Coiffe du Fricochère,,Chapeau,Niv. 130
,Plimclik,,Amulette,Niv. 130
,Cape Cérémoniale du Seigneur des Rats,,Cape,Niv. 130
,Ceinture du Royalmouth,,Ceinture,Niv. 130
,Ceinture Meulante,,Ceinture,Niv. 129
,Talisman d'Elya Wood,,Amulette,Niv. 129
,Bottes du Dragoeuf,,Bottes,Niv. 129
,Doro le Blak,,Chapeau,Niv. 129
,Anneau du Dragoeuf,,Anneau,Niv. 128
,Chapeau de la Gamine Zoth,,Chapeau,Niv. 128
,Amulette du Royalmouth,,Amulette,Niv. 128
,Casque Dragoeuf,,Chapeau,Niv. 128
,Coiffe du Disciple Zoth,,Chapeau,Niv. 128
,Ceinture Claire en Abrakleur,,Ceinture,Niv. 128
,Ceinture de Troollérance,,Ceinture,Niv. 128
,Couronne du Tofu Royal,,Chapeau,Niv. 128
,Cape Dragoeuf,,Cape,Niv. 127
,Casque de l'Ecumouth,,Chapeau,Niv. 127
,Anneau Moutheur,,Anneau,Niv. 127
,Anneau du Pilleur,,Anneau,Niv. 127
,Ceinture de taille,,Ceinture,Niv. 127
,Coffresac du Koalak,,Sac à dos,Niv. 127
,Corbacape Mastralis,,Cape,Niv. 127
,Amulette Ementaire,,Amulette,Niv. 127
,Bottes de Craquemouflage,,Bottes,Niv. 127
,Amulette du Renouveau,,Amulette,Niv. 126
,Cape d'Elya Wood,,Cape,Niv. 126
,Anneau du Meulou,,Anneau,Niv. 126
,Bague Moutheuze,,Anneau,Niv. 126
,Casque de Craquemouflage,,Chapeau,Niv. 126
,Coiffe du Royalmouth,,Chapeau,Niv. 125
,Dévastateur Eau,,Trophée,Niv. 125
,Enragé,,Trophée,Niv. 125
,Guérisseur,,Trophée,Niv. 125
,Nomade,,Trophée,Niv. 125
,Xénature,,Ceinture,Niv. 125
,Ceinture du Meulou,,Ceinture,Niv. 125
,Vigoureux,,Trophée,Niv. 125
,Solide,,Trophée,Niv. 125
,Temporiseur,,Trophée,Niv. 125
,Dévastateur Feu,,Trophée,Niv. 125
,Dévastateur Terre,,Trophée,Niv. 125
,Cascadeur,,Trophée,Niv. 125
,Ortiz,,Cape,Niv. 125
,Fonceur,,Trophée,Niv. 125
,Culbuteur,,Trophée,Niv. 125
,Cavaleur,,Trophée,Niv. 125
,Dévastateur Air,,Trophée,Niv. 125
,Érudit,,Trophée,Niv. 125
,Médaille Kido,,Amulette,Niv. 125
,Bottes Ruand,,Bottes,Niv. 125
,Évasif,,Trophée,Niv. 125
,Étourdisseur,,Trophée,Niv. 125
,Dévastateur Neutre,,Trophée,Niv. 125
,Fortification,,Trophée,Niv. 125
,Chanceux,,Trophée,Niv. 125
,Miraculé,,Trophée,Niv. 125
,Déserteur,,Trophée,Niv. 125
,Ceinture Sula,,Ceinture,Niv. 125
,Sanguinaire,,Trophée,Niv. 125
,Obstructeur,,Trophée,Niv. 125
,Remueur,,Trophée,Niv. 125
,Amulette du Dragoeuf,,Amulette,Niv. 124
,Masque du Pilleur,,Chapeau,Niv. 124
,Ceinture du Dragoeuf,,Ceinture,Niv. 124
,Cape Mouthante,,Cape,Niv. 124
,Bottes Harry,,Bottes,Niv. 123
,Kaskargo,,Chapeau,Niv. 123
,La Feuille de Printemps,,Amulette,Niv. 123
,Holoune,,Chapeau,Niv. 122
,Bottes Animales Sombres,,Bottes,Niv. 122
,Sandales Titude,,Bottes,Niv. 122
,Sandales Humeuses,,Bottes,Niv. 121
,Caracape Minotoris,,Cape,Niv. 121
,Ceinture de l'Amant d'Ha,,Ceinture,Niv. 121
,Dora Bora,,Chapeau,Niv. 120
,Koloss,,Chapeau,Niv. 120
,Bottes d'Inferno,,Bottes,Niv. 120
,Cape de Troollérance,,Cape,Niv. 120
,Bouclier Terrdala,,Bouclier,Niv. 120
,Ceinture Corbaquiale,,Ceinture,Niv. 120
,Anneau Skargo,,Anneau,Niv. 120
,Bottes de Will Killson,,Bottes,Niv. 120
,Kanistère,,Chapeau,Niv. 120
,Bouclier Aerdala,,Bouclier,Niv. 120
,Krokop,,Chapeau,Niv. 120
,Bottes du Royalmouth,,Bottes,Niv. 120
,Dolmanax,,Dofus,Niv. 120
,Pestoclier,,Bouclier,Niv. 120
,Bouclier Plume,,Bouclier,Niv. 120
,Alliance d'Elya Wood,,Anneau,Niv. 120
,Solomonk,,Chapeau,Niv. 120
,Bottes de Styx,,Bottes,Niv. 120
,Bottes de Mandrin,,Bottes,Niv. 120
,Doduveteuse,,Cape,Niv. 116
,Boucle d'oreille de Troollérance,,Chapeau,Niv. 116
,Abracapa Ancestrale,,Cape,Niv. 114
,Abracaska Ancestral,,Chapeau,Niv. 114
,Ceinture Abdominable en bois,,Ceinture,Niv. 114
,Dodoulos,,Chapeau,Niv. 114
,Anneau Ancestral,,Anneau,Niv. 113
,Phalène,,Chapeau,Niv. 113
,Bottes du Minotoror,,Bottes,Niv. 113
,Bottines de Dodus,,Bottes,Niv. 113
,Ceinture du Minotoror,,Ceinture,Niv. 111
,Abrature Ancestrale,,Ceinture,Niv. 111
,Collier du Minotoror,,Amulette,Niv. 111
,Bottes Phossiles,,Bottes,Niv. 111
,La Bekille,,Chapeau,Niv. 111
,Coiffe du Bimd'Oule,,Chapeau,Niv. 110
,Protège-Tibias Ancestraux,,Bottes,Niv. 110
,Masque de la Crowneille,,Chapeau,Niv. 110
,Bouclier Boisé,,Bouclier,Niv. 110
,Kloume,,Bouclier,Niv. 110
,Bouclier Bestial,,Bouclier,Niv. 110
,Bouclier du Corbac,,Bouclier,Niv. 110
,Ceinture Phossile,,Ceinture,Niv. 110
,Puissante Cape Fulgurante,,Cape,Niv. 110
,Torque Ancestral,,Amulette,Niv. 110
,Cape de la Crowneille,,Cape,Niv. 109
,Cape du Minotoror,,Cape,Niv. 109
,Cape Phossile,,Cape,Niv. 108
,Bottes du Koulosse,,Bottes,Niv. 108
,Anneau du Dragon Cochon,,Anneau,Niv. 108
,Sac du Koulosse,,Sac à dos,Niv. 108
,Blémiche,,Chapeau,Niv. 108
,Amulette du Krokilleur,,Amulette,Niv. 107
,Ceinture de Dodus,,Ceinture,Niv. 107
,Amulette de la Crowneille,,Amulette,Niv. 107
,Raquettes Dugraal,,Bottes,Niv. 107
,Coiffe du Koulosse,,Chapeau,Niv. 107
,Ceintrouille,,Ceinture,Niv. 106
,Araknacoiffe Velue,,Chapeau,Niv. 106
,Minotokorno,,Chapeau,Niv. 106
,Coiffe du Gaddie,,Chapeau,Niv. 106
,Cape Houte,,Cape,Niv. 105
,Anneau du Minotoror,,Anneau,Niv. 105
,Coiffe du Rat Blanc,,Chapeau,Niv. 105
,Cape du Rat Noir,,Cape,Niv. 105
,Ouassulette,,Amulette,Niv. 105
,Ceinture du Krokilleur,,Ceinture,Niv. 104
,Cape de la Ouassingue,,Cape,Niv. 104
,Capuche de la Ouassingue,,Chapeau,Niv. 104
,Bottes du Gorgouille,,Bottes,Niv. 104
,Chapitrouille,,Chapeau,Niv. 104
,Fourbamulette,,Amulette,Niv. 103
,Cape du Dragon Cochon,,Cape,Niv. 103
,Collier du Rat Noir,,Amulette,Niv. 103
,Chapeau du Mineur Sombre,,Chapeau,Niv. 103
,Cape du Rat Blanc,,Cape,Niv. 102
,Masque du Rat Noir,,Chapeau,Niv. 102
,Collier du Rat Blanc,,Amulette,Niv. 102
,Ceinture du Rat Blanc,,Ceinture,Niv. 102
,Kabuto,,Chapeau,Niv. 101
,Capitrouille,,Cape,Niv. 101
,Ceinture du Rat Noir,,Ceinture,Niv. 101
,Bottes du Rat Noir,,Bottes,Niv. 101
,Gantelet du Rat Blanc,,Anneau,Niv. 101
,Cape du Krokilleur,,Cape,Niv. 101
,Amulette du Chef Bwork,,Amulette,Niv. 101
,Amulette du Gorgouille,,Amulette,Niv. 101
,Billréole,,Chapeau,Niv. 100
,Insaisissable,,Trophée,Niv. 100
,Cuirassé Air,,Trophée,Niv. 100
,Cuirassé Neutre,,Trophée,Niv. 100
,Ravageur Feu,,Trophée,Niv. 100
,Ravageur Neutre,,Trophée,Niv. 100
,Initiateur,,Trophée,Niv. 100
,Joueur,,Trophée,Niv. 100
,Equilibriste,,Trophée,Niv. 100
,Evanescent,,Trophée,Niv. 100
,Muraille Terre,,Trophée,Niv. 100
,Muraille Feu,,Trophée,Niv. 100
,Muraille Air,,Trophée,Niv. 100
,Slip du Bwork Baroudeur,,Ceinture,Niv. 100
,Collier du Dragon Cochon,,Amulette,Niv. 100
,Bottes Horchons,,Bottes,Niv. 100
,Fuyard,,Trophée,Niv. 100
,Cuirassé Terre,,Trophée,Niv. 100
,Soigneur,,Trophée,Niv. 100
,Saccageur Terre,,Trophée,Niv. 100
,Entraveur,,Trophée,Niv. 100
,Paralyseur,,Trophée,Niv. 100
,Muraille Eau,,Trophée,Niv. 100
,Turbulent,,Trophée,Niv. 100
,Scaphandre Magmatique,,Chapeau,Niv. 100
,Ceinture de Glourdorak,,Ceinture,Niv. 100
,Engourdisseur,,Trophée,Niv. 100
,Adamantin,,Trophée,Niv. 100
,Cuirassé Eau,,Trophée,Niv. 100
,Porteur,,Trophée,Niv. 100
,Acrobate,,Trophée,Niv. 100
,Savant,,Trophée,Niv. 100
,Survivant,,Trophée,Niv. 100
,Krosmangle,,Ceinture,Niv. 100
,Krosmaussures,,Bottes,Niv. 100
,Forcené,,Trophée,Niv. 100
,Astucieux,,Trophée,Niv. 100
,Taquin,,Trophée,Niv. 100
,Saccageur Neutre,,Trophée,Niv. 100
,Saccageur Eau,,Trophée,Niv. 100
,Saccageur Air,,Trophée,Niv. 100
,Imprenable,,Trophée,Niv. 100
,Bousculeur,,Trophée,Niv. 100
,Muraille Neutre,,Trophée,Niv. 100
,Voyageur,,Trophée,Niv. 100
,Tacleur,,Trophée,Niv. 100
,Ralentisseur,,Trophée,Niv. 100
,Fugitif,,Trophée,Niv. 100
,Ravageur Air,,Trophée,Niv. 100
,Ravageur Eau,,Trophée,Niv. 100
,Ravageur Terre,,Trophée,Niv. 100
,Furibond,,Trophée,Niv. 100
,Saccageur Feu,,Trophée,Niv. 100
,Inflexible,,Trophée,Niv. 100
,Féroce,,Trophée,Niv. 100
,Ceinture Ding Dong,,Ceinture,Niv. 100
,Pousseur,,Trophée,Niv. 100
,Rempart,,Trophée,Niv. 100
,Cuirassé Feu,,Trophée,Niv. 100
,Bloqueur,,Trophée,Niv. 100
,Vagabond,,Trophée,Niv. 100
,Docteur,,Trophée,Niv. 100
,Bastion,,Trophée,Niv. 100
,Précurseur,,Trophée,Niv. 100
,Robuste,,Trophée,Niv. 100
,Dofushu,,Dofus,Niv. 100
,Bracelet du Bwork Baroudeur,,Anneau,Niv. 99
,Bottes du Chef Bwork,,Bottes,Niv. 99
,Casque du Chef Bwork,,Chapeau,Niv. 99
,Bottes du Rat Blanc,,Bottes,Niv. 99
,Cape du Gorgouille,,Cape,Niv. 99
,Chapeau Feudala,,Chapeau,Niv. 98
,Cape du Bwork Baroudeur,,Cape,Niv. 98
,Anneau du Rat Noir,,Anneau,Niv. 98
,Casque de Maître Nabur,,Chapeau,Niv. 97
,Gantelet du Gorgouille,,Anneau,Niv. 97
,Coiffe du Dragon Cochon,,Chapeau,Niv. 96
,Ceinture Chouqueuse,,Ceinture,Niv. 96
,Ceinture Fourbissante,,Ceinture,Niv. 96
,Bottes Dorées d'Hogmeiser,,Bottes,Niv. 95
,Fourbacoiffe,,Chapeau,Niv. 95
,Coiffe de la Dragueuse,,Chapeau,Niv. 95
,Masque de l'Abrakleur sombre,,Chapeau,Niv. 95
,La Feuille d'Hiver,,Amulette,Niv. 95
,Bottes Animales,,Bottes,Niv. 94
,Fourbabottes,,Bottes,Niv. 94
,La Résinette,,Amulette,Niv. 94
,Mules du Dragon Cochon,,Bottes,Niv. 93
,Dragocoiffe noire,,Chapeau,Niv. 93
,Ceinture sombre en Abrakleur,,Ceinture,Niv. 92
,Cape Feudala,,Cape,Niv. 92
,Fourballiance,,Anneau,Niv. 92
,Fourbacapa,,Cape,Niv. 92
,Amulette Feudala,,Amulette,Niv. 91
,Bloptes Multicolores Royales,,Bottes,Niv. 90
,Blopture Multicolore Royale,,Ceinture,Niv. 90
,Bouclier de Bowisse,,Bouclier,Niv. 90
,Bouclier Abraknyde,,Bouclier,Niv. 90
,Bouclier Kokopepit,,Bouclier,Niv. 90
,Coiffe du Trooligophrène,,Chapeau,Niv. 90
,Amulophrène,,Amulette,Niv. 90
,Fausse barbe du Nincognito,,Chapeau,Niv. 90
,Porclier,,Bouclier,Niv. 90
,Ceintrool,,Ceinture,Niv. 90
,Blopanneau Multicolore Royal,,Anneau,Niv. 90
,Amublop Multicolore Royale,,Amulette,Niv. 90
,La Feuille d'Automne,,Amulette,Niv. 89
,La Brouteuse,,Cape,Niv. 88
,Barbacapa,,Cape,Niv. 88
,Anneau K'Tuelle,,Anneau,Niv. 87
,Rasoir de poche,,Amulette,Niv. 87
,Alliance de Farle,,Anneau,Niv. 87
,Ceinture de Sangroku,,Ceinture,Niv. 86
,Collier Rouge de Daïgoro,,Amulette,Niv. 86
,Bottes Du Craqueleur Légendaire,,Bottes,Niv. 86
,Casque de Cuirhacher,,Chapeau,Niv. 86
,Sacoche de Redolphe,,Sac à dos,Niv. 85
,Sabots de Redolphe,,Bottes,Niv. 85
,Bottrololens,,Bottes,Niv. 85
,Coiffe de Redolphe,,Chapeau,Niv. 85
,Cape du Troololens,,Cape,Niv. 85
,Licol de Redolphe,,Amulette,Niv. 85
,Annololens,,Anneau,Niv. 85
,Amufafah,,Amulette,Niv. 84
,Bottes d'Hogmeiser,,Bottes,Niv. 84
,Ceinture des Vents,,Ceinture,Niv. 84
,Amulette du Craqueleur Légendaire,,Amulette,Niv. 84
,Craquelocape Légendaire,,Cape,Niv. 84
,Anneau du Mineur Gogorifiant,,Anneau,Niv. 84
,Coiffe de Daïgoro,,Chapeau,Niv. 84
,Bracelet du Blanc Pa Wabbit,,Anneau,Niv. 84
,Bottes du Gardien des Égouts,,Bottes,Niv. 83
,Ceinture du Wa Wobot,,Ceinture,Niv. 83
,Pagne de Daïgoro,,Ceinture,Niv. 83
,Ceinture du Blanc Pa Wabbit,,Ceinture,Niv. 83
,Arkanneau,,Anneau,Niv. 83
,Amulette de la Bouboule,,Amulette,Niv. 83
,Casque du Blanc Pa Wabbit,,Chapeau,Niv. 82
,Amulette Argie,,Amulette,Niv. 82
,Coiffe du Koulosse usée,,Chapeau,Niv. 82
,Ceinture Mulante,,Ceinture,Niv. 81
,Ceinture Feudala,,Ceinture,Niv. 81
,Cape du Wa Wobot,,Cape,Niv. 81
,Ceinture de Cuirhacher,,Ceinture,Niv. 81
,La Bertheuze,,Chapeau,Niv. 81
,Alliance Feudala,,Anneau,Niv. 81
,Anneau de Loopine,,Anneau,Niv. 80
,Farlacoiffe,,Chapeau,Niv. 80
,Shikature,,Ceinture,Niv. 80
,Bloptes Griotte Royales,,Bottes,Niv. 80
,Blopture Griotte Royale,,Ceinture,Niv. 80
,Blopture Reinette Royale,,Ceinture,Niv. 80
,Sangligli,,Ceinture,Niv. 80
,Sabots de Farle,,Bottes,Niv. 80
,Epis de Shika,,Amulette,Niv. 80
,Shikacoiffe,,Chapeau,Niv. 80
,Blopanneau Coco Royal,,Anneau,Niv. 80
,Blopanneau Indigo Royal,,Anneau,Niv. 80
,Blopture Coco Royale,,Ceinture,Niv. 80
,Fausse cape d'Elya Wood,,Cape,Niv. 80
,Puissante Ceinture Fulgurante,,Ceinture,Niv. 80
,Farlature,,Ceinture,Niv. 80
,Ceinture du Craqueleur Légendaire,,Ceinture,Niv. 80
,Cape de Shika,,Cape,Niv. 80
,Blopanneau Griotte Royal,,Anneau,Niv. 80
,Blopanneau Reinette Royal,,Anneau,Niv. 80
,Amublop Griotte Royale,,Amulette,Niv. 80
,Amublop Coco Royale,,Amulette,Niv. 80
,Amublop Indigo Royale,,Amulette,Niv. 80
,Bloptes Reinette Royales,,Bottes,Niv. 80
,Amulette Terrdala,,Amulette,Niv. 80
,Sabots de Shika,,Bottes,Niv. 80
,Amublop Reinette Royale,,Amulette,Niv. 80
,Bloptes Coco Royales,,Bottes,Niv. 80
,Bloptes Indigo Royales,,Bottes,Niv. 80
,Blopture Indigo Royale,,Ceinture,Niv. 80
,Couronne du Wa Wobot,,Chapeau,Niv. 80
,Epis de Farle,,Amulette,Niv. 80
,Cape de Farle,,Cape,Niv. 80
,Dofus Kaliptus,,Dofus,Niv. 80
,Casque du Craqueleur Légendaire,,Chapeau,Niv. 80
,Bracelet Magique de Farle,,Anneau,Niv. 79
,Couronne du Roi Gelax,,Chapeau,Niv. 79
,Mocassins Poilus,,Bottes,Niv. 79
,Ceinture de Nelween,,Ceinture,Niv. 78
,Ceinture Dracochoune,,Ceinture,Niv. 77
,Dent de Gligli,,Amulette,Niv. 77
,Octovius,,Chapeau,Niv. 77
,Alliance Terrdala,,Anneau,Niv. 77
,Sandales Adin,,Bottes,Niv. 76
,Geta Terrdala,,Bottes,Niv. 76
,Bouclier du Bawbawe,,Bouclier,Niv. 75
,Culbuteur mineur,,Trophée,Niv. 75
,Temporiseur mineur,,Trophée,Niv. 75
,Fortification mineure,,Trophée,Niv. 75
,Enragé mineur,,Trophée,Niv. 75
,Déserteur mineur,,Trophée,Niv. 75
,Coiffe de l'Arakne Céleste,,Chapeau,Niv. 75
,Solide mineur,,Trophée,Niv. 75
,Évasif mineur,,Trophée,Niv. 75
,Dévastateur Feu mineur,,Trophée,Niv. 75
,Dévastateur Neutre mineur,,Trophée,Niv. 75
,Chanceux mineur,,Trophée,Niv. 75
,Cascadeur mineur,,Trophée,Niv. 75
,Miraculé mineur,,Trophée,Niv. 75
,Guérisseur mineur,,Trophée,Niv. 75
,Chapeau Terrdala,,Chapeau,Niv. 75
,Anneau de l'Arakne Céleste,,Anneau,Niv. 75
,Bouclier Taverne,,Bouclier,Niv. 75
,Bouclier Expérimental,,Bouclier,Niv. 75
,Cavaleur mineur,,Trophée,Niv. 75
,Dévastateur Air mineur,,Trophée,Niv. 75
,Dévastateur Eau mineur,,Trophée,Niv. 75
,Érudit mineur,,Trophée,Niv. 75
,Ceinture de l'Arakne Céleste,,Ceinture,Niv. 75
,Bottes de l'Arakne Céleste,,Bottes,Niv. 75
,Amulette de l'Arakne Céleste,,Amulette,Niv. 75
,Bouclier Pandawa,,Bouclier,Niv. 75
,Obstructeur mineur,,Trophée,Niv. 75
,Cape de l'Arakne Céleste,,Cape,Niv. 75
,Sanguinaire mineur,,Trophée,Niv. 75
,Vigoureux mineur,,Trophée,Niv. 75
,Fonceur mineur,,Trophée,Niv. 75
,Étourdisseur mineur,,Trophée,Niv. 75
,Dévastateur Terre mineur,,Trophée,Niv. 75
,Chapeau de Barbroussa,,Chapeau,Niv. 74
,Amulette de Nelween,,Amulette,Niv. 74
,Bottes de Nelween,,Bottes,Niv. 74
,Bottes du Koulosse usées,,Bottes,Niv. 73
,Korko Kousto,,Chapeau,Niv. 73
,Bracelet Magique de Shika,,Anneau,Niv. 73
,Bottes du Nettoyeur de donjon,,Bottes,Niv. 73
,Ceinture Terrdala,,Ceinture,Niv. 72
,Coiffe du Dragoeuf volant,,Chapeau,Niv. 72
,Bottes Orino,,Bottes,Niv. 72
,Craquanneau Légendaire,,Anneau,Niv. 72
,La Doubitch O'Boul,,Amulette,Niv. 71
,Cape de Nelween,,Cape,Niv. 71
,Ceinture d'une Femme en Or,,Ceinture,Niv. 71
,Amulette du Chef Crocodaille,,Amulette,Niv. 70
,Ceinture du Chef Crocodaille,,Ceinture,Niv. 70
,Ceinture Aerdala,,Ceinture,Niv. 70
,Dragocoiffe Saphir,,Chapeau,Niv. 70
,Pantoufles Crochues du Chef Crocodaille,,Bottes,Niv. 70
,Petit sac d'écolier du Chef Crocodaille,,Sac à dos,Niv. 70
,Coiffe du Chef Crocodaille,,Chapeau,Niv. 70
,Bracelet du Chef Crocodaille,,Anneau,Niv. 70
,Amulette Royale du Bouftou,,Amulette,Niv. 69
,La Maîtrise des Poupées,,Amulette,Niv. 69
,Boufbottes Royales,,Bottes,Niv. 69
,Crystal O'Boul,,Chapeau,Niv. 68
,Bottes de l'Eleveur de Bouftous,,Bottes,Niv. 68
,Geta Feudala,,Bottes,Niv. 68
,Ceinture Royale du Bouftou,,Ceinture,Niv. 68
,Anneau Bsène,,Anneau,Niv. 68
,Boufcoiffe Royale,,Chapeau,Niv. 67
,Anneau Nime,,Anneau,Niv. 67
,Cape du Désir O'Boul,,Cape,Niv. 67
,Cape Bouffante Royale,,Cape,Niv. 67
,La Xerbo,,Ceinture,Niv. 67
,Amulette du YeCh'Ti,,Amulette,Niv. 66
,Saponnet de Nowel,,Chapeau,Niv. 66
,Anneau Royal du Bouftou,,Anneau,Niv. 66
,Perruque de Iop,,Chapeau,Niv. 66
,Anneau Poli,,Anneau,Niv. 66
,Ceinture Ouginakale,,Ceinture,Niv. 65
,Cape du Sanglier Céleste,,Cape,Niv. 65
,Amulette du Sanglier Céleste,,Amulette,Niv. 65
,Ceinture du Sanglier Céleste,,Ceinture,Niv. 65
,Bottes du Sanglier Céleste,,Bottes,Niv. 65
,Cape Aerdala,,Cape,Niv. 65
,Anneau du Sanglier Céleste,,Anneau,Niv. 65
,Coiffe du Sanglier Céleste,,Chapeau,Niv. 65
,Anneau Fioutioure,,Anneau,Niv. 65
,Boufbamu,,Amulette,Niv. 64
,Cape du Mulou,,Cape,Niv. 64
,Chapeau Aerdala,,Chapeau,Niv. 64
,Larvamulette,,Amulette,Niv. 63
,La Poilue,,Cape,Niv. 63
,Larvasac,,Sac à dos,Niv. 63
,Cape Terrdala,,Cape,Niv. 63
,Amulette Turquoise,,Amulette,Niv. 63
,Tongues Baques,,Bottes,Niv. 63
,Ceinture du Craqueleur,,Ceinture,Niv. 62
,Moon Boots,,Bottes,Niv. 62
,Amulette Aerdala,,Amulette,Niv. 62
,Cape du Kitsou,,Cape,Niv. 62
,Casque du Craqueleur,,Chapeau,Niv. 62
,Amupapier,,Amulette,Niv. 62
,Larvacoiffe,,Chapeau,Niv. 62
,Champo,,Chapeau,Niv. 62
,Le Flan des Étoiles,,Amulette,Niv. 61
,Craquamulette,,Amulette,Niv. 61
,Coiffe du Mulou,,Chapeau,Niv. 61
,Coiffe du Kitsou,,Chapeau,Niv. 61
,Bottines du Mulou,,Bottes,Niv. 61
,Cape du Koalak,,Cape,Niv. 61
,Cape de la Meupette,,Cape,Niv. 61
,Phéro-Cape,,Cape,Niv. 61
,Anokio,,Anneau,Niv. 61
,Cape Flotteuse,,Cape,Niv. 61
,Bottes du Craqueleur,,Bottes,Niv. 61
,Slipapier,,Ceinture,Niv. 61
,Gelocape,,Cape,Niv. 60
,Caracoiffe,,Chapeau,Niv. 60
,Caracape,,Cape,Niv. 60
,Oreilles de Wabbits,,Chapeau,Niv. 60
,Amulette du Kitsou,,Amulette,Niv. 60
,Amourlette Hernelle,,Amulette,Niv. 60
,Sac du Staca Noviste,,Sac à dos,Niv. 60
,Gelocoiffe,,Chapeau,Niv. 60
,Gelano,,Anneau,Niv. 60
,Tongues Wabbits,,Bottes,Niv. 60
,Bottes du Koalak,,Bottes,Niv. 60
,Gouglamu,,Amulette,Niv. 60
,Justanneau,,Anneau,Niv. 60
,Couronne du Wa Wabbit,,Chapeau,Niv. 60
,Gelobottes,,Bottes,Niv. 60
,Ceinture Tortue Bleue,,Ceinture,Niv. 60
,Amourlette Hernel,,Amulette,Niv. 60
,Ceinturoduvet,,Ceinture,Niv. 60
,Bottoduvet,,Bottes,Niv. 60
,Cape du Wa Wabbit,,Cape,Niv. 60
,Craquelocape,,Cape,Niv. 60
,Amulette du Koalak,,Amulette,Niv. 60
,Alliance de Corail,,Anneau,Niv. 60
,Sac du Grand Aventurier,,Sac à dos,Niv. 60
,Geloture,,Ceinture,Niv. 60
,Gelamu,,Amulette,Niv. 60
,Carabottes,,Bottes,Niv. 60
,Ceinture Tortue Jaune,,Ceinture,Niv. 60
,Ceinture Tortue Verte,,Ceinture,Niv. 60
,Ceinture Tortue Rouge,,Ceinture,Niv. 60
,"Amulette ""Dents de Wabbits""",,Amulette,Niv. 60
,Sac-Cawotte,,Sac à dos,Niv. 60
,Ceinture du Koalak,,Ceinture,Niv. 60
,Coiffe du Koalak,,Chapeau,Niv. 60
,Larvabottes,,Bottes,Niv. 59
,Bottoppinz,,Bottes,Niv. 59
,Anneau Stroplante,,Anneau,Niv. 59
,Justobottes,,Bottes,Niv. 59
,Anauffe-souris,,Anneau,Niv. 59
,L'Enutrofion,,Anneau,Niv. 59
,Slip Kangouwou du Wabbit GM,,Ceinture,Niv. 59
,Anneau Merta,,Anneau,Niv. 59
,Anneau de Piggy Paupe,,Anneau,Niv. 59
,Boracelet,,Anneau,Niv. 59
,Plumamulette,,Amulette,Niv. 59
,Anneau du Jeune Vald,,Anneau,Niv. 59
,Boracelet,,Anneau,Niv. 59
,Scaracape Dorée,,Cape,Niv. 58
,Anoppinz,,Anneau,Niv. 58
,Souliers Vernis Bruns,,Bottes,Niv. 58
,Souliers Vernis Bruns,,Bottes,Niv. 58
,Scaracoiffe Dorée,,Chapeau,Niv. 58
,Amulette de Piggy Paupe,,Amulette,Niv. 58
,Ceintusonnier,,Ceinture,Niv. 58
,Bottes de Kabroule,,Bottes,Niv. 58
,Bonnet Hui,,Chapeau,Niv. 58
,Amulette Stroplante,,Amulette,Niv. 58
,Cape Rifique,,Cape,Niv. 58
,Cape Hôte,,Cape,Niv. 58
,Anneau Ha,,Anneau,Niv. 58
,Bottinokio,,Bottes,Niv. 58
,Bracelet du Vulkain,,Anneau,Niv. 58
,Sandales Koliques,,Bottes,Niv. 58
,Geta Aerdala,,Bottes,Niv. 57
,Ceinture d'Ougicle,,Ceinture,Niv. 57
,Glaglamu,,Amulette,Niv. 57
,Amuloumulette,,Amulette,Niv. 57
,Amulette d'Hichète,,Amulette,Niv. 57
,Slip Vert,,Ceinture,Niv. 57
,Diplanneau,,Anneau,Niv. 57
,Dragocoiffe Dorée,,Chapeau,Niv. 57
,Bottauffe-souris,,Bottes,Niv. 57
,Slip Vert,,Ceinture,Niv. 57
,Torque des 1001 Griffes,,Amulette,Niv. 57
,Alliance Aerdala,,Anneau,Niv. 57
,Sandales Ailuya,,Bottes,Niv. 56
,Anneau d'Ougicle,,Anneau,Niv. 56
,Ceinture d'Hichète,,Ceinture,Niv. 56
,Plumodales,,Bottes,Niv. 56
,Bottilozité,,Bottes,Niv. 56
,Sabottes de Danioule,,Bottes,Niv. 56
,Chapeau Thé,,Chapeau,Niv. 56
,Vegacape,,Cape,Niv. 56
,Ceinture de Piggy Paupe,,Ceinture,Niv. 56
,Anneau de Mirh,,Anneau,Niv. 56
,Anneau Piaume,,Anneau,Niv. 56
,Bottes du Vulkain,,Bottes,Niv. 56
,Pendentiffre,,Amulette,Niv. 56
,Bottokami,,Bottes,Niv. 56
,Anneau du Kitsou,,Anneau,Niv. 55
,Bottes de Lonne,,Bottes,Niv. 55
,Coiffe du Bouftou Céleste,,Chapeau,Niv. 55
,Bouclier Pliable,,Bouclier,Niv. 55
,Cape du Boufcoul,,Cape,Niv. 55
,Caskoffre,,Chapeau,Niv. 55
,Amulette du Bouftou Céleste,,Amulette,Niv. 55
,Chapeau Rifique,,Chapeau,Niv. 55
,Glaglano,,Anneau,Niv. 55
,Sac du Bouftou Céleste,,Sac à dos,Niv. 55
